,0
Butter,방탄소년단
Next Level,aespa
안녕 (Hello),조이 (JOY)
Dun Dun Dance,오마이걸(OH MY GIRL)
헤픈 우연,헤이즈(Heize)
"Peaches (feat. Daniel Caesar, Giveon)",Justin Bieber(저스틴 비버)
상상더하기,라붐(LABOUM)
ASAP,STAYC(스테이씨)
롤린 (Rollin'),브레이브걸스(Brave Girls)
라일락,아이유(IU)
좋을텐데 (If Only) (Feat. 폴킴),조이 (JOY)
Je T′aime,조이 (JOY)
마.피.아. In the morning,ITZY (있지)
운전만해 (We Ride),브레이브걸스(Brave Girls)
Off My Face,Justin Bieber(저스틴 비버)
I Love U,성시경
Dynamite,방탄소년단
Celebrity,아이유(IU)
Timeless,SG워너비
체념,"정상동기 (김정수, 정기석, 이동휘, 이상이)"
WE GO,프로미스나인
꽃이 예뻐봤자 뭐해,신용재 (2F)
Save,NCT 127
Day By Day,조이 (JOY)
Where Are We Now,마마무(Mamamoo)
처음처럼 (Feat. 개리),헤이즈(Heize)
닫힌엔딩 (Closed Ending),숀(SHAUN)
서울의 잠 못 이루는 밤 (Feat. 이수현),10CM
내사람: Partner For Life,SG워너비
내 손을 잡아,아이유(IU)
라라라,SG워너비
듣고있나요 (Prod.조영수),케이시
에잇(Prod.&Feat. SUGA of BTS),아이유(IU)
Happy Birthday To You,조이 (JOY)
Kiss Me More (feat. SZA),Doja Cat(도자 캣)
어푸 (Ah puh),아이유(IU)
"사이렌 Remix (Feat. UNEDUCATED KID, Paul Blanco)",호미들
Dolphin,오마이걸(OH MY GIRL)
If You Love Me (Feat. 주헌 (몬스타엑스)),NS Yoon-G
Coin,아이유(IU)
맛 (Hot Sauce),NCT DREAM
그럴때마다 (Be There For You),조이 (JOY)
Loving You Girl (feat. Hkeem),Peder Elias
만약에,"M.O.M (별루지, 강창모, 박재정, 원슈타인)"
그냥 안아달란 말야,다비치
감기 (Feat. 창모),헤이즈(Heize)
Blueming,아이유(IU)
At My Worst,Pink Sweat$
On The Ground,로제(ROSÉ)
너를 사랑했던 시간,성시경
Savage Love (Laxed - Siren Beat) (BTS Remix),Jawsh 685
Lovesick Girls,BLACKPINK
멜로디,ASH ISLAND
영영,포맨 (4MEN)
parachute,John K
"어떻게 이별까지 사랑하겠어, 널 사랑하는 거지",AKMU (악동뮤지션)
살다가,SG워너비
흔들리는 꽃들 속에서 네 샴푸향이 느껴진거야,장범준
작은 것들을 위한 시 (Boy With Luv) (Feat. Halsey),방탄소년단
신호등,이무진
"모든 날, 모든 순간 (Every day, Every Moment)",폴킴(Paul Kim)
Beautiful Mistakes,Maroon 5(마룬 파이브)
Life Goes On,방탄소년단
Leave The Door Open,Bruno Mars(브루노 마스)
고래 (Dive Into You),NCT DREAM
"LOVE DAY (2021) (바른연애 길잡이 X 양요섭, 정은지)",양요섭
너의 발걸음에 빛을 비춰줄게 (Prod. 조영수),케이시
우리 한 때 사랑한 건,성시경
벌써일년,반하나
2002,Anne-Marie(앤 마리)
Black Mamba,aespa
피날레 (Show And Prove),비투비
Like 1999,Valley
0X1=LOVESONG (I Know I Love You) feat. Seori,투모로우바이투게더
밤편지,아이유(IU)
살짝 설렜어 (Nonstop),오마이걸(OH MY GIRL)
미안해 널 사랑해 (Feat. 김필),헤이즈(Heize)
밤하늘의 별을(2020),경서
12:45 (Stripped),Etham
"친구, 그 오랜시간",정승환
Save Your Tears (Remix),The Weeknd(위켄드)
잠이 오질 않네요,장범준
Advice,태민 (TAEMIN)
취기를 빌려 (취향저격 그녀 X 산들),산들
아이와 나의 바다,아이유(IU)
나랑 같이 걸을래 (바른연애 길잡이 X 적재),적재
밝게 빛나는 별이 되어 비춰줄게,송이한
이음새,성시경
이제 나만 믿어요,임영웅
이 밤을 빌려 말해요 (바른연애 길잡이 X 10CM),10CM
Ashes,Stellar
너의 모든 순간,성시경
봄날,방탄소년단
우연이 아닌것만 같아서,김나영
마음을 담아,성시경
DIE DIE (Feat. 최엘비) (스터디그룹 X 기리보이),기리보이
빗물에게 들으니 (Feat. 안예은),헤이즈(Heize)
"내일의 너, 오늘의 나 (Another Day)",마마무(Mamamoo)
Bang!,AJR
